title,lead,category,key_headline,key_lead,lead_ids,lead_ner,headline_ids,headline_texts,first_para_wiki_by_id,modified_headline,modified_headline_keywords_title,modified_headline_keywords_title_and_lead
Bitcoin Value Drops by 50% Since November Peak,"The value of Bitcoin has dropped below $31,000 (Â£25,140) - less than half of what it was at its peak last November, according to the Coinbase cryptocurrency exchange.",business,Bitcoin Value,"Bitcoin, Coinbase cryptocurrency exchange","['Q25401607', 'Q13479982', 'Q131723', 'Q16972754', 'Q30325190']","[['Cryptocurrency exchange >> en'], ['Cryptocurrency >> en'], ['Bitcoin >> en'], ['Coinbase >> en'], ['Bitcoin scalability problem >> en']]","['Q131723', 'Q17001427', 'Q3764970', 'Q11000322', 'Q19093']","[['Bitcoin >> en'], ['Bitcoin network >> en'], ['List of countries by real GDP growth rate >> en'], ['List of countries by GDP (PPP) >> en'], ['List of countries by GDP (nominal) >> en']]","A cryptocurrency exchange, or a digital currency exchange (DCE), is a business that allows customers to trade cryptocurrencies or digital currencies for other assets, such as conventional fiat money or other digital currencies. Exchanges may accept credit card payments, wire transfers or other forms of payment in exchange for digital currencies or cryptocurrencies. A cryptocurrency exchange can be a market maker that typically takes the bidâ€“ask spreads as a transaction commission for its service or, as a matching platform, simply charges fees.","This drop is the latest in a string of declines for the virtual currency.

Context","Would you like to specify details to include in the joke/story?
I can't","Coverage:

Add the â€˜annoyed tech enthusiastâ€™ angle to this story."
"China Removes TripAdvisor, 104 Other Apps in â€˜Cleansing Campaignâ€™","China has removed 105 apps including that of U.S. travel firm TripAdvisor Inc from app stores in the country, under a new campaign to cleanse stores of apps it deems spread content related to pornography, prostitution, gambling and violence.",tech,TripAdvisor,"China, TripAdvisor, app stores, gambling, pornography, prostitution, violence",['Q1770710'],"[['TripAdvisor >> en', 'TripAdvisor LLC >> en', 'TripAdvisor >> de', 'TripAdvisor >> fr', 'TripAdvisor, Inc >> en']]","['Q154278', 'Q9684', 'Q5130589', 'Q85125']","[['Ethnic cleansing >> en'], ['The New York Times >> en', 'The New York Times >> de'], ['Cleansing >> en'], ['Ethnic cleansing in the Soviet Union >> en']]","Tripadvisor, Inc. is an American company that operates online travel agencies, comparison shopping websites, and mobile apps with user-generated content.[1]","- NPR

B. Trippin' 
ðŸ˜¤ðŸ§–","Angle: It appears consumers have another option besides poor reviews.
Headline: Covid","DO it now

6 freelancers are bidding on average $17 for this job"
A Complete Breakdown of Kate Middleton's Photoshop Controversy,Kate Middleton made headlines after her Mother's Day photo was pulled from photo and news agencies due to suspicions of manipulation,celebrity,,"Kate Middleton, news agencies","['Q10479', 'Q2892684', 'Q47502', 'Q192283', 'Q6917243']","[['Kate Middleton >> en'], ['Family of Catherine, Duchess of Cambridge >> en'], [""Mother's Day >> en""], ['News agency >> en'], [""Mother's Day (United States) >> en""]]",['Q10479'],"[['Kate Middleton >> en', 'Catherine, Duchess of Cambridge >> en', 'Catherine Middleton >> en', 'Catherine, Duchess of Cambridge >> de', 'Kate Middleton >> de']]","Catherine, Princess of Wales GCVO (born Catherine Elizabeth Middleton;[a] 9 January 1982) is a member of the British royal family. She is married to William, Prince of Wales, heir apparent to the British throne.","and for being too thin. Kate's official biographer, Katie Nicholl,","Headline:Kate Middleton Suspected of Bombing Photo With Photoshop Effects
Lead",URL: https://pagesix.com/2022/03/28/kate
Nigeria: Capital Importation Falls 54% in Q2 2021,"The total value of capital importation into Nigeria has fallen to $875.62 million in the second quarter (Q2) of 2021, according to the latest report by the National Bureau of Statistics (NBS).",business,"Capital Importation, Nigeria","National Bureau of Statistics, Nigeria, capital importation","['Q6971159', 'Q6971157', 'Q1033', 'Q498232']","[['National Bureau of Statistics, Nigeria >> en', 'National Bureau of Statistics of Nigeria >> en'], ['National Bureau of Statistics >> en'], ['Nigeria >> en'], ['List of national and international statistical services >> en']]","['Q1033', 'Q3916071', 'Q1140374', 'Q108977', 'Q19093']","[['Nigeria >> en'], ['Capital >> en'], ['Economy of Nigeria >> en'], ['List of countries by GDP (nominal) per capita >> en'], ['List of countries by GDP (nominal) >> en']]",The National Bureau of Statistics oversees and publishes statistics for Nigeria.,According to the Nigerian Capital Importation (Q2 2021) report,"Read More

Nigerian Economy Concerned as Capital Importation Plummets","Answer

""Nigeria's Capital Importation Takes a 54% Nose Dive in"
Mixing Covid Vaccines Increases Reports of Mild Side-effects,"Adults are more likely to report mild and moderate side-effects after mixing doses of the AstraZeneca and Pfizer Covid vaccines, a study indicates.",health,Covid Vaccines,Pfizer Covid vaccines,"['Q134808', 'Q56641686', 'Q1369403', 'Q2198549', 'Q221681']","[['Vaccine >> en'], ['Vaccine hesitancy >> en'], ['Drug injection >> en'], ['Drug development >> en'], ['In vitro >> en']]","['Q3269441', 'Q45959', 'Q221681', 'Q6883839', 'Q3115905']","[['Side effect >> en'], ['Adverse drug reaction >> en'], ['In vitro >> en'], ['Mixed-cell lymphoma >> en'], ['Mixed-species foraging flock >> en']]","A vaccine is a biological preparation that provides active acquired immunity to a particular infectious or malignant disease.[1][2] The safety and effectiveness of vaccines has been widely studied and verified.[3][4] A vaccine typically contains an agent that resembles a disease-causing microorganism and is often made from weakened or killed forms of the microbe, its toxins, or one of its surface proteins. The agent stimulates the body's immune system to recognize the agent as a threat, destroy it, and recognize further and destroy any of the microorganisms associated with that agent that it may encounter in the future.","(Alex Therrien& Catherine Burns, BBC News, 2021)
\",URL: https://www.bbc.com/news/health-57061768,"Punchline: Study finds that mixing Covid vaccines creates a super-powered, side"
"NASA: Mystery Object Orbiting Earth Is 54-year-old Rocket, Not Asteroid","A mysterious object temporarily orbiting Earth is a 54-year-old rocket, not an asteroid after all, astronomers confirmed Wednesday.",tech,NASA,,"['Q41291', 'Q40218', 'Q1122707', 'Q2351678', 'Q3489236']","[['Rocket >> en'], ['Spacecraft >> en'], ['List of Earth-crossing minor planets >> en'], ['List of rocks on Mars >> en'], ['List of Earth starships in Stargate >> en']]","['Q23548', 'Q2668702', 'Q6970194']","[['National Aeronautics and Space Administration >> en', 'NASA >> en', 'NASA >> hu'], ['List of spacecraft from the Space Odyssey series >> en'], ['National Aeronautical Association >> en']]","A rocket (from Italian: rocchetto, lit. 'bobbin/spool')[nb 1][1] is a vehicle that uses jet propulsion to accelerate without using the surrounding air. A rocket engine produces thrust by reaction to exhaust expelled at high speed.[2] Rocket engines work entirely from propellant carried within the vehicle; therefore a rocket can fly in the vacuum of space. Rockets work more efficiently in a vacuum and incur a loss of thrust due to the opposing pressure of the atmosphere.","So
much for those who thought it might be an alien visitor, or some","American Flight Club member
Nostalgia
54-year-old rocket
Or","Directions to Manipulate: Modify the first ""headline"" given to reflect the context"
Elon Musk Laughs Off Twitter Lawsuit Threat,Elon Muskâ€™s silence over his attempt to bail out on purchasing Twitter for $44 billion is no more.,tech,,Twitter,"['Q317521', 'Q44312', 'Q918', 'Q17175179']","[['Elon Musk >> en'], ['Bailout >> en', 'Bail out >> en'], ['Twitter >> en'], ['Bailout >> fr']]","['Q317521', 'Q46845259']","[['Elon Musk >> en', 'Elon Musk >> fr', 'Elon Musk >> de', 'Elon Musk >> es'], [""Elon Musk's Tesla Roadster >> en""]]","Elon Reeve Musk (/ËˆiËlÉ’n/ EE-lon; born June 28, 1971) is a businessman and investor. He is the founder, chairman, CEO, and CTO of SpaceX; angel investor, CEO, product architect, and former chairman of Tesla, Inc.; owner, executive chairman, and CTO of X Corp.; founder of the Boring Company and xAI; co-founder of Neuralink and OpenAI; and president of the Musk Foundation. He is one of the wealthiest people in the world, with an estimated net worth of US$190 billion as of March 2024[update], according to the Bloomberg Billionaires Index, and $195 billion according to Forbes, primarily from his ownership stakes in Tesla and SpaceX.[5][6]",The billionaire scoffed at the companyâ€™s threat to sue him for dropping the deal,"Image: nan
Text:

Elon Musk Breaks Silence on Twitter Takeover","POI: Elon Musk
Story: Elon Musk is known for his witty humor"
Bank of Japan Governor Optimistic Economy Will Recover,"Bank of Japan Governor Kazuo Ueda said on Tuesday the economy was recovering but also showing some signs of weakness, offering a slightly bleaker assessment than in January in a nod to a recent batch of soft data on consumption.",polytics,Bank of Japan,Bank of Japan,"['Q896666', 'Q806663', 'Q176494', 'Q4856009', 'Q114380']","[['Financial crisis of 2007â€“2008 >> en'], ['Bank run >> en'], ['Recession >> en'], ['Bank failure >> en'], ['Financial crisis >> en']]","['Q333101', 'Q319831', 'Q2620430', 'Q6158602', 'Q22687']","[['Bank of Japan >> en'], ['Economy of Japan >> en'], ['Financial endowment >> en'], ['Banking in Japan >> en'], ['Bank >> en']]","The 2007â€“2008 financial crisis, or Global Economic Crisis (GEC), was the most severe worldwide economic crisis since the Great Depression. Predatory lending in the form of subprime mortgages targeting low-income homebuyers,[1] excessive risk-taking by global financial institutions,[2] a continuous buildup of toxic assets within banks, and the bursting of the United States housing bubble culminated in a ""perfect storm"", which led to the Great Recession.","While Ueda highlighted some weak spots such as sluggish consumption, he dismissed pessimism",My headline: Life Is a Roller Coaster: Bank of Japan Governor Says Economy,"}}
\looseness_n
\paperquote{
$\bullet$ Bank of"
"Wimbledon: Federer, Djokovic Ease into Last Eight in Front of Bigger Crowds at Centre Court",Eight-time champion Roger Federer followed top seed Novak Djokovic into the Wimbledon quarter-finals as both eased through their last-16 matches.,sports,Wimbledon,"Roger Federer, ovic","['Q751798', 'Q54961494', 'Q368797', 'Q16893134', 'Q1426']","[[""2009 Wimbledon Championships â€“ Men's Singles >> en""], [""2018 Wimbledon Championships â€“ Men's Singles >> en""], [""2008 Wimbledon Championships â€“ Men's Singles >> en""], [""2014 Wimbledon Championships â€“ Men's Singles >> en""], ['Roger Federer >> en']]","['Q41520', 'Q723937', 'Q64785012', 'Q54093953']","[['The Championships, Wimbledon >> en', 'Wimbledon Championships >> en'], [""List of Wimbledon gentlemen's singles champions >> en""], ['Wimbledon Championships 2019/Herreneinzel >> de'], ['Wimbledon Championships 2019 >> de']]","Roger Federer defeated Andy Roddick in the final, 5â€“7, 7â€“6(8â€“6), 7â€“6(7â€“5), 3â€“6, 16â€“14 to win the gentlemen's singles tennis title at the 2009 Wimbledon Championships.[1] It was his sixth Wimbledon title and record-breaking 15th major title overall, surpassing Pete Sampras' all-time record. It was the longest men's singles major final (in terms of games played) in history with 77 games, breaking the record of 71 games set at the 1927 Australian Championships. The match also had the longest fifth set (16â€“14) in a major men's singles final, surpassing the 11â€“9 fifth set in the 1927 French Championships final.[2] The match took 4 hours and 17 minutes to complete, and the fifth set alone lasted 95 minutes.[3] It was a rematch of the 2004 and 2005 finals, where Federer also beat Roddick to win the title. This was Federer's 11th grass court men's singles title, surpassing the previous Open Era record held by Sampras (10). Notably, Roddick lost despite only having his serve broken once, in the last game of the match. By winning the title, Federer regained the world No. 1 singles ranking.",The Big Three of menâ€™s tennis are all in the last eight as Federer,"Characters: 280
Joke Description:

This joke is about Federer and",Original: Roger Federer's quest to win Wimbledon for a ninth time is still
New York Times Buys Viral Word Game Wordle,"The New York Times has acquired the viral word game Wordle for an undisclosed seven-figure sum, the publisher announced on Monday.",elections,New York Times,"New York Times, Wordle, word game","['Q7933607', 'Q263864', 'Q9684', 'Q1030329', 'Q2413088']","[['Viral phenomenon >> en'], ['Wordle >> en'], ['The New York Times >> en'], ['Viral video >> en'], ['The New York Times Book Review >> en']]","['Q263864', 'Q7933598', 'Q204255', 'Q1030329', 'Q7889']","[['Wordle >> en'], ['Viral culture >> en'], ['Viral marketing >> en'], ['Viral video >> en'], ['Video game >> en']]","Viral phenomena or viral sensation are objects or patterns that are able to replicate themselves or convert other objects into copies of themselves when these objects are exposed to them. Analogous to the way in which viruses propagate, the term viral pertains to a video, image, or written content spreading to numerous online users within a short time period.[1] This concept has become a common way to describe how thoughts, information, and trends move into and through a human population.[2]",The game has gained millions of players since its creation less than a year ago.,Modified Headline: The New York Times Spends Big Money to 'Wordle,Provided Context: The New York Times wanted to expand its range of games to
